jao_substation,matched_osm_name,osm_id,latitude,longitude
Altdöbern,Umspannwerk Altdöbern,1068350839,51.6403209,14.0000117
Altenfeld,Umspannwerk Altenfeld,149256409,50.5734236,10.991345
Bärwalde,Schaltwerk Bärwalde,157806991,51.4136565,14.5080932
Bentwisch,Bentwisch HGÜ,32063539,54.0999746,12.2136397
Bertikow,Umspannwerk Bertikow,30039908,53.2525038,13.9572215
Charlottenburg,Umspannwerk Charlottenburg,46615737,52.5220201,13.3155265
Eisenach,Unterwerk Eisenach,29487085,50.9641736,10.3719972
Eula,Neuland,28701956,53.4520615,10.0027232
Förderstedt,Förderstedt 110 kV,35137205,51.9092961,11.6443849
Friedrichshain,Umspannwerk Friedrichshain,30954714,52.5214596,13.4564335
Görries,Umspannwerk Görries,30040568,53.6007115,11.3706157
Gransee,Umspannwerk Gransee,518455594,52.9941334,13.2634937
Graustein,Umspannwerk Graustein,30164703,51.5536869,14.4718998
Güstrow,Umspannwerk Güstrow,32062544,53.8164841,12.1881266
Hagenwerder,Umspannwerk Hagenwerder,59026005,51.062518,14.9465212
Hamburg/Ost,Hamburg/Ost,23583867,53.5553753,10.1594788
Hamburg/Süd,Hamburg/Süd,11285720,53.4880407,9.9089299
Heinersdorf,Umspannwerk Heinersdorf,47493333,52.5629929,13.4434159
Hennigsdorf,Hennigsdorf,27883686,52.6418481,13.2136946
Klostermansfeld,Umspannwerk Klostermansfeld,32690742,51.5839908,11.5169356
Krümmel,Umspannwerk Krümmel,943441483,53.4121613,10.418303
Lauchstädt,Umspannwerk Lauchstädt,29713902,51.4063614,11.8947029
Lubmin,Lubmin EWN,177914437,54.1394839,13.666073
Lüdershagen,Umspannwerk Lüdershagen,29389718,54.2856034,13.0779783
Marke,Umspannwerk Marke,25526912,51.741528,12.2629207
Marzahn,Umspannwerk Marzahn,22973070,52.5358154,13.5241298
Neuenhagen,Umspannwerk Neuenhagen,137197826,52.5391386,13.7097134
Pasewalk,Umspannwerk Pasewalk,39437430,53.5084632,14.0341826
Perleberg,Umspannwerk Perleberg,59707532,53.0869294,11.8524416
Preilack,Umspannwerk Preilack,941198517,51.888923,14.4282757
Pulgar,Umspannwerk Pulgar,442199284,51.1969579,12.3374246
Ragow,Stacja elektroenergetyczna 110/15kV Mrągowo,258550287,53.8800178,21.3342918
Remptendorf,Umspannwerk Remptendorf,128277645,50.534273,11.6460233
Reuter,EnBW Umspannwerk Reuterstraße,28480152,48.7742739,9.1461095
Röhrsdorf,Umspannwerk Röhrsdorf,23117075,50.8586618,12.8151186
Schmölln,Umspannwerk Schmölln,157807291,51.1199666,14.2192312
Schönewalde,UW Schönewalde,28729619,51.8281903,13.1578206
Siedenbrünzow,Umspannwerk Siedenbrünzow,369680693,53.9089372,13.1432379
Streumen,Umspannwerk Streumen,157328339,51.3561476,13.3834054
Teufelsbruch,Umspannwerk Teufelsbruch,30132758,52.5806648,13.2116827
Thyrow,Bahnstrom Umrichterwerk Thyrow (alt),29331392,52.2334734,13.3029196
Vierraden,Umspannwerk Vierraden,39428980,53.0960355,14.2706568
Vieselbach,Umspannwerk Vieselbach,34105558,50.9992218,11.1197853
Wessin,Umspannwerk Wessin,234171369,53.5720743,11.6985995
Wolmirstedt,Umspannwerk Wolmirstedt,26472665,52.2689842,11.6386899
Wuhlheide,Umspannwerk Wuhlheide,22973052,52.4737262,13.5063407
Wustermark,Umspannwerk Wustermark,27149550,52.5621636,12.9429472
Altbach,Umspannwerk Altbach 2,37721673,48.7206519,9.3765396
Beuren,Beuren,102743264,47.8064185,8.861502
Birkenfeld,220 kV-Umspannwerk Birkenfeld,32966636,48.8900842,8.6416567
Bisamberg,Umspannwerk Bisamberg,24253250,48.3583123,16.3782533
Daxlanden,Karlsruhe-Daxlanden,152261133,49.0091828,8.3137172
Dellmensingen,Dellmensingen,41389594,48.3041947,9.8856342
Eichstetten,220-kV-Umspannwerk Eichstetten,87653464,48.0963868,7.7519886
Endersbach,380 kV-Umspannwerk Endersbach (TransnetBW GmbH),48428875,48.8126223,9.3775116
Engstlatt,Umspannwerk Engstlatt,42736239,48.310063,8.872744
Ernsthofen,Umspannwerk Ernsthofen,27763479,48.1245976,14.4738968
Etzersdorf,Schaltwerk Etzersdorf,30042006,48.2687938,15.7373625
Feistritz,Freiluftschaltanlage Feistritz,86119456,46.535844,14.1729613
GKN2,Gemeinschaftskraftwerk Neckarwestheim 2 (GKN2),153328698,49.0393813,9.1773152
Greuth,Umspannwerk Kaltengreuth (Schalthaus Ansbach Ost),53820093,49.2915054,10.6266595
Hausruck,Umspannwerk Hausruck,93077882,48.1043962,13.8997983
Hessenberg,Umspannwerk Hessenberg,88680218,47.3970491,15.0209736
Bezdecin,Bezděčín,28475691,50.657749,15.1125019
Chodov,Chodov,28478409,50.0179723,14.5035126
Chotejovice,Chotějovice,197827799,50.583071,13.8014302
Chrast,Chrást,28476742,49.778616,13.4746821
Dasny,rozvodna Dasný,28479829,49.0252991,14.4217153
Hradec,Hradec,28099187,50.3459193,13.3273146
Kletne,Kletné,174152948,49.6781598,17.9411677
Kocin,rozvodna Kočín,28469397,49.1584746,14.3525383
Krasikov,stanice Krasíkov,28470958,49.8586955,16.6686072
Liskovec,Lískovec,28624004,49.7051523,18.315958
Malesice,Rozvodna Malešice,25838372,50.0840963,14.5296702
Milin,Milín,28478418,49.5961829,14.0707663
Neznasov,Neznášov,28268556,50.3359504,15.8349584
Nosovice,Nošovice,28624204,49.6690344,18.4309024
Opocinek,Opočínek,28348269,50.031661,15.6488822
Otrokovice,rozvodna Otrokovice 400/110 kV,28626812,49.2167969,17.5594629
Prestice,Přeštice,28477054,49.5895225,13.3353288
Prosenice,Prosenice,28625556,49.5036557,17.4992159
Reporyje,Transformovna Řeporyje,28457258,50.0157047,14.3299623
Slavetice,rozvodna Slavětice,27867392,49.1037536,16.1188969
Tabor,Tábor,28622657,49.4116882,14.6901299
Tynec,Týnec,28622793,50.0549701,15.3617203
Vitkov,Vítkov,149306820,50.1607031,12.6753276
Vyskov,Výškov,28349754,50.3962829,13.6949432
Albrechtice,Albrechtice,28624926,49.7854865,18.5077482
BERTRANGE,Bertrange,33814243,49.6045615,6.0352282
BERTRANGE ,Bertrange,33814243,49.6045615,6.0352282
BLOOREN ,Poste blindé d'Itzig/Blooren,471787127,49.597228,6.1795521
HEISDORF ,Heisdorf,1042974725,49.6685109,6.1399073
ROOST,Roost,91823933,49.7765225,6.0833606
ROOST ,Roost,91823933,49.7765225,6.0833606
SCHIFFLANGE ,Schifflange,33814365,49.5210148,6.0187757
Bericevo,RTP Beričevo,138362793,46.0926512,14.6136834
Cirkovce,RTP Cirkovce,113568896,46.3981863,15.7336888
Divaca,RTP Divača,96747435,45.6912879,13.9688958
Maribor,RTP Maribor,113578863,46.5219542,15.695756
Okroglo,RTP Okroglo,490359963,46.2525631,14.3260098
Podlog,RTP Podlog,119244495,46.2760127,15.1297018
Klece,RTP Kleče,167068843,46.1029293,14.4845594
Trbovlje,RTP Trbovlje,286599451,46.1251779,15.0554274
ACHENE,Achêne,88373135,50.260609,5.0556438
ANDRE DUMONT,André Dumont,457635067,50.9393558,5.4862338
AUBANGE,Linalux Aubange,121085952,49.5664727,5.7958024
AVELGEM,Avelgem,87529551,50.782572,3.4692725
AWIRS,Awirs,24552827,50.5844932,5.4146773
BASTOGNE,Bastogne,1062894258,49.9997824,5.6869848
BRUEGEL,380kV Bruegel,23175771,50.8809829,4.231692
BRUME,Brume,88799384,50.3755854,5.8433896
CHAMPION,Henri Champion,65131674,47.981483,0.2171691
COURCELLES,Courcelles,87772593,50.4942834,4.3482122
DOEL,Doel 380,23136868,51.3227519,4.2547769
DROGENBOS,Elia Drogenbos,23176013,50.8037361,4.3011954
EEKLO NOORD,380/150kV Eeklo Noord,87779917,51.2066629,3.5374044
GEZELLE,Gezelle,432647374,51.2636184,3.2010099
GRAMME,Poste Elia Gramme,87772591,50.5122899,5.2865598
HEINSCH,Poste 220/70/15 kV de Heinsch,33814632,49.6931799,5.7554708
HORTA,Horta,495688597,51.11471,3.6045711
JUPILLE,220 kV Jupille,91142310,50.6444986,5.6195022
KALLO,Kallo,23136911,51.253277,4.288856
LA TROQUE,La Troque,204940263,50.6027452,5.496379
LE VAL,Le Val,103041283,50.6042171,5.492724
LILLO,Elia Lillo,19783816,51.3012492,4.3070512
LINT,Lint,16584741,51.1175884,4.5086912
LIXHE,380 kV Lixhe,23141556,50.754424,5.6680201
MASSENHOVEN,Massenhoven,32002039,51.1958091,4.6293494
MEERHOUT,Meerhout,87807194,51.1073645,5.0635559
MERCATOR,Mercator,23151789,51.1541595,4.2467507
RIMIERE,Rimière,1245588489,50.539608,5.4690531
ROMSEE,220 kV Romsée,91752661,50.6140012,5.6603921
ROUVROY,Rouvroy,121085955,49.5494275,5.5065376
SART-TILMAN,Sart-Tilman,94155586,50.5900991,5.559852
STEVIN,Stevin,392090271,51.3259811,3.183771
VAN EYCK,Van Eyck,124703985,51.1210405,5.7742234
Brinje,RP Brinje,273326173,44.993015,15.1052736
Konjsko,TS Konjsko,43337263,43.6004928,16.5008628
Melina,TS Melina,89817617,45.3162884,14.5642126
Mraclin,TS Mraclin,89819945,45.6674249,16.1119651
Pehlin,TS Pehlin,96722667,45.3548062,14.4087969
Senj,TS HE Senj,173272584,44.9427094,14.9251041
TE Sisak,TS TE Sisak,170366194,45.4524778,16.4137681
Tumbri,TS Tumbri,89818719,45.6815459,15.8693977
Zakucac,TS HE Zakučac,59683455,43.4550923,16.7019407
Zerjavinec,TS Žerjavinec,89820062,45.8760194,16.1628413
Albertirsa,Albertirsa alállomás,142109093,47.2244508,19.5805439
Bekescsaba,Békéscsaba alállomás,113717515,46.6873806,21.0480128
Bicske Del,Bicske Dél alállomás,254847446,47.4730352,18.6530599
Buj,"Stacja elektroenergetyczna ""Bujaków"" 220/30/15/6kV",44389929,49.8424073,19.2127403
Detk,Detk alállomás,251991299,47.7736731,20.1075051
Dunamenti,Dunamenti alállomás,100804921,47.3270025,18.9157711
Felsozsolca,Felsőzsolca alállomás,155803703,48.1207876,20.8532986
God,Godenau,30109913,52.0008345,9.7973087
Gonyu,Gönyű alállomás,142106943,47.7344261,17.804842
Gyor,Győr OVIT alállomás,124244078,47.6731558,17.6935935
Heviz,Hévíz alállomás,96705565,46.7910662,17.1701642
Kisvarda,Kisvárda OVIT alállomás,289912792,48.2020082,22.0748556
Liter,Litér alállomás,65034002,47.1069262,18.0176782
Martonvasar,Martonvásár alállomás,100804905,47.3379236,18.8331751
Paks,Paks alállomás,100788162,46.570137,18.8583122
Sajoszoged,Sajószöged alállomás,155227474,47.9429011,20.9699182
Szabolcsbaka,Szabolcsbáka alállomás,859708761,48.1462368,22.167478
Szolnok,Szolnok OVIT alállomás,252028146,47.2054064,20.1480515
Ocsa,Ócsa alállomás,100844170,47.3202434,19.2065195
Kerepes,Kerepes alállomás,464834617,47.5362989,19.3276269
ABRAMOWICE,"Stacja elektroenergetyczna ""Abramowice"" 220/110 kV",170249563,51.1963259,22.5840814
ADAMOW,Stacja elektroenergetyczna Adamów 220/110 kV,171383831,52.012199,18.5418181
BIERUN,"Stacja elektroenergetyczna 220/110kV ""Bieruń""",255232597,50.0860195,19.16946
BLACHOWNIA,"Stacja elektroenergetyczna ""Blachownia"" 220/110kV",185454704,50.359139,18.2936222
BOGUSZOW,Stacja elektroenergetyczna 220/110/20kV „Boguszów”,177749653,50.7526422,16.1910248
BUJAKOW,"Stacja elektroenergetyczna ""Bujaków"" 220/30/15/6kV",44389929,49.8424073,19.2127403
BYCZYNA,"Stacja elektroenergetyczna ""Byczyna"" 400kV",133537926,50.1638461,19.2913686
BYDGOSZCZ ZACHOD,"Stacja elektroenergetyczna ""Bydgoszcz Zachód"" 400/110 kV",255293400,53.088742,17.878229
CHELM,Chelmsford East Substation,100820853,51.7160113,0.5185068
CHMIELOW,"Stacja elektroenergetyczna ""Chmielów"" 220/110 kV",191352746,50.5041698,21.6715438
CIEPLICE,"Stacja elektroenergetyczna ""Cieplice"" 220/110 kV",178756295,50.887249,15.6847381
CZARNA,Stacja elektroenergetyczna 110/15kV Czarna Woda,148592465,53.8504826,18.0891222
CZECZOT,Stacja elektroenergetyczna 220/6kV „Czeczott”,291375946,50.0181723,19.1048348
CZERWONAK,"Stacja elektroenergetyczna ""Czerwonak"" 220/110 kV",293484894,52.4742909,16.9773914
DOBRZEN,"Stacja elektroenergetyczna ""Dobrzeń"" 400/110 kV",255277953,50.746549,17.8736775
DUNOWO,"Stacja elektroenergetyczna ""Dunowo"" 400/220/110 kV",175406958,54.1265422,16.0960123
ELK,Umspannwerk Timelkam,33840061,48.0107506,13.5881327
GDANSK,"Stacja elektroenergetyczna ""Gdańsk Błonia"" 400/110 kV",112614319,54.3386795,18.7096323
GDANSK PRZYJAZN,Stacja elektroenergetyczna 400kV Gdańsk Przyjaźń,385118244,54.2816724,18.3815079
GLINKI,"Stacja elektroenergetyczna ""Glinki"" 220/110 kV",40062974,53.4998451,14.581061
GORZOW,"Stacja elektroenergetyczna ""Gorzów"" 220/110 kV",193956108,52.7477859,15.2690033
GROSZOWICE,"Stacja Energetyczna ""Groszowice"" 220/110 kV",336990960,50.6134579,17.9714097
GRUDZIADZ,"Stacja elektroenergetyczna ""Grudziądz - Węgrowo"" 400/220/110 kV",46092396,53.4469055,18.8045045
HALEMBA,"Stacja elektroenergetyczna ""Halemba"" 220/110kV",183259405,50.2309106,18.8522643
HUTA CZESTOCHOWA,"Stacja elektroenergetyczna ""Huta Częstochowa"" 220/110 kV",224727316,50.7760148,19.1682976
JAMKI,"Stacja elektroenergetyczna 220/110kV ""Jamki""",40946790,50.3257818,19.2696616
JANOW,Stacja elektroenergetyczna 220/110/15kV „Janów”,35366436,51.7576621,19.5614262
JASINIEC,"Stacja elektroenergetyczna ""Jasiniec"" 220/110 kV",46235456,53.1354761,18.1076879
JOACHIMOW,Stacja elektroenergetyczna „Joachimów” 400/220 kV,241842600,50.759963,19.3166857
KATOWICE,"Stacja elektroenergetyczna 220/110/6kV ""Katowice""",29139402,50.2644609,19.054424
KEDZIERZYN,"Stacja elektroenergetyczna ""Kędzierzyn"" 220/110kV",185459155,50.3170597,18.2541099
KIELCE,"Stacja elektroenergetyczna 400/220kV ""Kielce""",199098050,50.8997454,20.4151194
KIELCE PIASKI,Stacja elektroenergetyczna „Kielce Piaski” 220/110/30/15kV,228154083,50.904656,20.6380791
KLIKOWA,"Stacja elektroenergetyczna 220/110kV ""Klikowa""",191035265,50.0638474,20.945116
KOKSOCHEMIA,"Stacja elektroenergetyczna ""Koksochemia"" 220kV",66051759,50.3386737,19.3446008
KONIN,"Stacja elektroenergetyczna 220/110kV ""Elektrownia Konin""",216975352,52.2867828,18.2702027
KOPANINA,"Stacja elektroenergetyczna 220/110kV ""Kopanina""",183945016,50.1305903,18.8495778
KOZIENICE,"Stacja elektroenergetyczna 110/15kV ""Kozienice Miasto""",170209494,51.5745367,21.5400359
KRAJNIK,"Stacja elektroenergetyczna ""Krajnik"" 400/220 kV",39428977,53.196395,14.4757377
KROMOLICE,Stacja elektroenergetyczna Kromolice 400/110kV,254938713,52.2811519,17.1689974
LESZNO,"Stacja elektroenergetyczna ""Leszno Gronowo"" 220/110 kV",148197330,51.8762644,16.5901011
LUBOCZA,"Stacja elektroenergetyczna 220/110 kV & GPZ 110/15 kV ""Lubocza""",87667718,50.096005,20.0990642
MOKRE,Stacja elektroenergetyczna „Mokre” 220/110 kV,170368942,50.6984525,23.1479365
MORY,"Stacja elektroenergetyczna ""Mory"" 220/110kV",29115701,52.2144342,20.8776054
MORZYCZYN,"Stacja elektroenergetyczna ""Morzyczyn"" 400/220/110 kV",32943179,53.3547256,14.8966848
MOSCISKA,"Stacja elektroenergetyczna ""Mościska"" 400/110 kV",91384044,52.2906372,20.8812545
MOSZCZENICA,Stacja elektroenergetyczna 220/110kV „Moszczenica”,184899160,49.9412056,18.5634104
OLSZTYN MATKI,Stacja elektroenergetyczna „Olsztyn Mątki” 400/220/110 kV,101914781,53.8275049,20.3479067
OSTROWIEC,"Stacja elektroenergetyczna ""Ostrowiec"" 400/110 kV",254235846,50.9386971,21.4510691
PABIANICE,"Stacja elektroenergetyczna ""Pabianice"" 220/110 kV",102165724,51.6774877,19.3676793
PASIKUROWICE,Stacja elektroenergetyczna „Pasikurowice” 400/110 kV,79033485,51.2137949,17.1192121
PATNOW,"Stacja elektroenergetyczna ""Pątnów"" 400/220/110 kV",255284259,52.3053961,18.2354055
PELPLIN,"Stacja elektroenergetyczna 110/20kV ""FW Pelplin I""",361007031,53.9010346,18.7376353
PIASECZNO,Stacja elektroenergetyczna „Piaseczno” 220/110 kV,29098336,52.0912305,21.0355318
PIOTRKOW,Stacja elektroenergetyczna „Piotrków” 220/110 kV,170316833,51.4282218,19.6833399
PLEWISKA,"Stacja elektroenergetyczna ""Plewiska"" 400/220/110 kV",32036484,52.368644,16.7790705
PODOLSZYCE,"Stacja elektroenergetyczna ""Podolszyce"" 220/110kV",171992870,52.536581,19.7357018
POLKOWICE,"Stacja elektroenergetyczna 110kV ""Polkowice Zachodnie""",180538378,51.5089435,16.0181202
POREBA,Stacja elektroenergetyczna 220/110kV „Poręba”,135598292,50.0007049,19.2733815
PRAGA,"Stacja elektroenergetyczna 220/110kV ""Praga""",25898810,52.2926954,20.9952081
ROGOWIEC,"Stacja elektroenergetyczna ""Rogowiec Stary"" 110/15kV",267043212,51.2675649,19.2996524
ROKITNICA,Stacja elektroenergetyczna 400/110kV „Rokitnica”,293489607,50.36547,18.7719712
RZESZOW,"Stacja elektroenergetyczna ""Rzeszów Staromieście"" 110/15/6kV",149935065,50.0588466,22.0123665
SIEDLCE UJRZANOW,"Stacja elektroenergetyczna 400/110kV ""Siedlce Ujrzanów""",255972397,52.1296844,22.344024
SIERSZA,Dom Kultury Siersza,1025803722,50.1946563,19.4320361
SKAWINA,"Stacja elektroenergetyczna 400/220/110 kV ""Skawina""",189501431,49.97499,19.805841
SOCHACZEW,"Stacja elektroenergetyczna ""Sochaczew"" 220/110kV",145037309,52.2326682,20.2588527
SWIEBODZICE,Stacja elektroenergetyczna 220/110kV „Świebodzice”,179138441,50.8542014,16.3520483
TARNOW,"Podstacja trakcyjna ""Tarnów""",116814228,50.0040508,20.9962201
TREBACZEW,Stacja elektroenergetyczna „Trębaczew” 400/110 kV,171917072,51.1428912,18.9074276
TUCZNAWA,Stacja elektroenergetyczna „Tucznawa” 400/110 kV,40946784,50.3767917,19.3316643
WIELOPOLE,Stacja elektroenergetyczna 400/220/110kV „Wielopole”,139452056,50.1226494,18.5409832
WRZOSOWA,"Stacja elektroenergetyczna ""Wrzosowa"" 220/110 kV",217899005,50.7539885,19.1664693
ZARNOWIEC,Stacja elektroenergetyczna 400/110kV „Żarnowiec”,86494356,54.7187833,18.1094152
ZGIERZ,Stacja elektroenergetyczna „Zgierz” 220/110 kV,101982559,51.830816,19.3834761
ZUKOWICE,"Stacja elektroenergetyczna ""Żukowice"" 220/110 kV",180535363,51.6623513,16.0060202
ZYDOWO KIERZKOWO,Stacja elektroenergetyczna Żydowo Kierzkowo 400/110kV,534238983,54.041394,16.7307257
LUBLIN SYSTEMOWA,"Stacja elektroenergetyczna ""Lublin Systemowa"" 400/110kV",148060965,51.2981035,22.6162183
AIRVAULT,Poste électrique de Airvault,110522458,46.8239334,-0.1251141
ALBERTVILLE,Poste électrique d'Albertville,56998024,45.6618902,6.4181727
ALLINGES,Allinges,69097591,46.334317,6.4614629
ANOULD,Poste Électrique d'Anould,121116528,48.1847939,6.9604147
AOSTE,Poste électrique de Aoste,118127416,45.5838794,5.6113447
ARENC,Marence,142971127,45.6409741,5.2618108
ARGIESANS,Poste électrique de Argiesans,123120808,47.601803,6.8139909
ARLOD,Poste électrique d’Arlod,118112539,46.0973317,5.81778
ARNAGE,Poste électrique de Arnage,28525395,47.9215608,0.1838047
ARRIGHI,Arrighi,46172440,48.7858282,2.4145001
AUBE,Umspannwerk Laubenheim,24686700,49.9518027,8.3094726
AUBUSSON,Poste d'Aubusson,137474877,45.9537227,2.1891907
AULNOYE,Aulnoye,757237014,50.1991452,3.8162349
AUSSOIS,Poste électrique de Aussois,146449309,45.2147533,6.7122236
AVALLON,Poste électrique d’Avallon,1056316394,47.4966126,3.9196132
AVELIN,Poste électrique d’Avelin,85605950,50.5249279,3.0822933
AVOINE,Pavoine,65124147,47.974813,0.2020884
BACALAN,Poste électrique de Bacalan,147394004,44.8822758,-0.5458476
BALARUC,Poste électrique de Balaruc,129830455,43.446012,3.7061926
BARBUISE,Poste électrique de Barbuise,118387084,48.5610291,3.5919899
BARJAC,Poste électrique de Barjac,147394005,44.3147784,4.3433693
BARNABOS,Poste électrique de Barnabos,85710783,49.6571105,1.0123464
BASTILLAC,Poste électrique de Bastillac,96822819,43.2253855,0.0401234
BATZENDORF,Poste électrique de Batzendorf,146402374,48.7993219,7.7243933
BAYET,Poste électrique de Bayet,71933086,46.273016,3.2948041
BEAULIEU,beaulieu,88249536,49.2158649,4.0266445
BEC,Bechterdissen 220 kV,24264701,52.0003456,8.6596117
BELLE-DE-MAI,Poste électrique Belle-de-Mai,733773994,43.3104665,5.3884504
BERGE,Umspannwerk Falkenberger Straße,20562009,52.5600732,13.4938076
BERGHOLZ,Poste électrique de Bergholz,193292042,48.7672292,7.0893973
BEZAUMONT,Poste électrique de Bezaumont,81665271,48.8572694,6.0977153
BIANCON,Poste électrique du Biançon,121500497,43.5950885,6.8358856
BISSY,Poste électrique de Bissy,56585982,45.5902758,5.9006445
BLOCAUX,Poste électrique de Blocaux,167268705,49.7720085,1.7833761
BOCTOIS,Poste électrique de Boctois,118387083,48.519368,3.5115552
BOIS-TOLLOT,Poste électrique de Bois-Tollot,26112209,46.2505546,6.0556676
BONNEAU,Bonneau,115476080,46.5985563,0.3939044
BONNIERES,Poste électrique de Bonnières,92316708,49.022477,1.5594805
BOUDEYRE,Poste de Boudeyre,135727900,44.5755149,4.3729251
BOURGUIGNON,Poste électrique du Bourguignon,490191058,47.4215219,6.7756561
BOUTRE,Poste électrique de Boutre,100087916,43.690868,5.8323699
BRAILLY-CORNEHOTTE,Poste électrique de Brailly-Cornehotte,219639224,50.236335,1.9678378
BRAUD,Poste électrique de Braud,105515586,45.2577594,-0.6820038
BREUIL (LE),Breuil le Sec,89278168,49.3752456,2.4502219
BRODE,Lütjenbrode,87651493,54.3617254,11.0434659
BRUGES,Poste électrique de Bruges,138610604,44.8908842,-0.6366516
BUIRE,Poste électrique de Buire,145289725,49.9159384,4.0493028
BUTTES-CHAUMONT,Poste électrique des Buttes-Chaumont,63213632,48.8754875,2.3762181
CAEN,Poste électrique de Caen,108084125,49.1812724,-0.3456706
CALAN,Poste électrique de Bacalan,147394004,44.8822758,-0.5458476
CANTEGRIT,Poste électrique de Cantegrit,111458307,44.0132434,-0.8871863
CARRIERES,Carrières,62110277,43.6743163,1.421263
CAZARIL,Poste électrique de Cazaril,110443404,43.1713135,0.5135006
CERGY,Poste électrique de Cergy,41722745,49.0490033,2.0594477
CERNAY,Poste électrique de Cernay,83105240,49.2723125,4.0864088
CESTAS,Poste électrique de Cestas,584362062,44.7205977,-0.7976055
CHAINGY,Poste électrique de Chaingy,34198056,47.8758076,1.8032174
CHALON,Chalon,122568639,46.7629917,4.8610856
CHAMBRY,Poste électrique de Chambry,82715808,48.9842151,2.9071302
CHAMPAGNIER,Poste électrique de Champagnier,69813552,45.1061878,5.7092808
CHAMPAGNOLE,Poste électrique de Champagnole,122411058,46.7582565,5.9075144
CHAMPS-REGNAUD,Poste électrique de Champs-Regnaud,122061929,47.3526841,5.0599218
CHAMPVANS,Poste électrique de Champvans,120464542,47.0981628,5.4442076
CHANCEAUX,Poste électrique de Chanceaux,27951432,47.4819322,0.6946906
CHANCENAY,Poste électrique de Chancenay,259142886,48.6768504,4.9985558
CHARPENAY,Poste électrique de Charpenay,84452130,45.8188875,4.6900408
CHATEAU-GOMBERT,Poste électrique de Château-Gombert,530490670,43.337761,5.4316483
CHAVANOD,Poste électrique de Chavanod,183182430,45.8943224,6.0811781
CHEVILLY,Poste électrique de Chevilly,44448089,48.7739107,2.3652655
CHOLET,Poste électrique de Cholet,57941014,47.0588001,-0.902215
CHOOZ,Poste électrique de Chooz,118655802,50.0875755,4.795599
CIROLLIERS,Poste électrique de Cirolliers,24849819,48.5514371,2.3201956
CISSAC,Poste électrique de Cissac,188915706,45.2181963,-0.843547
CIZE,Poste électrique de Cize,122748502,46.2048689,5.4626339
CLEON,Poste électrique de Cléon,147580956,49.316399,1.0401708
CLERAC,Sous Station SNCF de Clérac,443975666,45.1779425,-0.2506611
COLAYRAC,Poste électrique de Colayrac,142571672,44.2277661,0.5636557
COMMERVEIL,Poste électrique de Commerveil,146449311,48.3167304,0.3760073
COMPIEGNE,Poste électrique de Compiègne,118216358,49.4349454,2.8408729
CONFLUENT,Poste électrique du Confluent,107121899,45.1969721,5.7029517
CONTAMINE,Contamines,69003834,46.3555705,6.4181095
COQUAINVILLIERS,Poste électrique de Coquainvilliers,85955250,49.2112307,0.1956487
CORNIER,Poste électrique de Cornier,100500802,46.0848053,6.2951248
COSSIGNY,Poste électrique de Cossigny,101086962,48.728702,2.678845
COUCHEY,Poste électrique de Couchey,122104435,47.2547738,4.9999849
COULANGE,Poste électrique de Coulange,84490483,44.6323905,4.7233264
COURTRY,Poste électrique de Courtry,26813222,48.5481656,2.7738107
CRENEY,Poste électrique de Creney-prés-Troyes 400kV,120707003,48.3470887,4.1377539
CRETAINE,Poste électrique de Crétaine,682366052,48.7992713,2.3584872
CREYS,Poste électrique de Creys-Malville,84153220,45.7561541,5.4664968
CROIX-DE-METZ,Poste électrique de Croix-de-Metz,120861987,48.6921113,5.9161393
CUBNEZAIS,Poste électrique de Cubnezais,235370803,45.0688176,-0.4356296
DAMBRON,Poste électrique de Dambron,86260748,48.1067677,1.8558404
DAMERY,Poste électrique de Damery,147394008,49.075801,3.8711359
DANTOU,Poste électrique de Dantou,128524174,44.4615736,0.8305834
DARSE,Aprilia Darsena,36440160,45.694064,13.0711001
DECHY,Poste électrique de Dechy,129440971,50.3625232,3.1389634
DISTRE,Poste électrique de Distré,99722046,47.2079194,-0.1144715
DONZAC,Poste Électrique de Donzac,105913465,44.1025367,0.822659
DONZENAC,Poste électrique de Donzenac,138787590,45.2146551,1.5225722
DUVIGNEAU,Poste électrique de Duvigneau,648250788,51.0159655,2.1569841
ECHALAS,Poste électrique d'Échalas,84476231,45.542847,4.7192558
ECHINGHEN,Poste électrique d’Echinghen,147580965,50.6967087,1.6397066
EGUZON,Poste Électrique d'Éguzon,105783300,46.4580821,1.6206602
ELANCOURT,Poste électrique d’Élancourt,318195497,48.7744372,1.9512083
ENCO-DE-BOTTE,Poste électrique d'Enco-de-Botte,118213015,43.3208821,5.4808773
ENVAL,Poste électrique d'Enval,136416550,45.7653335,2.9994195
FALLOU,Poste électrique de Fallou,62233233,48.9379652,2.2612401
FAMARS,Poste électrique de Famars,129624451,50.31166,3.5056762
FEROUGE,Ferouge,139098414,44.9155401,1.4665444
FEUILLANE,Poste électrique de la Feuillane,104481448,43.4548322,4.9061082
FLANDRE,Poste électrique de Flandre,64040271,48.8896558,2.3768255
FLEAC,Poste électrique de Fléac,105652436,45.6992905,0.0880062
FLERS,Poste électrique de Flers,111816982,48.73689,-0.5517728
FLEYRIAT,Poste électrique de Fleyriat,122752897,46.2324917,5.2098339
FLOIRAC,Poste électrique de Floirac,111449797,44.8208779,-0.5239962
FLORENSAC,Poste électrique de Florensac,130595758,43.3864144,3.4815615
FOUSCAIS,Poste électrique de Fouscais,129740666,43.6064916,3.4575285
FRASNE,Poste électrique de Frasne,159167277,46.8719309,6.1631253
FREJUS,RFF Tunnel Frejus,355589986,45.1947249,6.668294
FRUGES,Croix de Fruges,236486195,45.246726,4.236532
GAMPALOUP,Poste électrique de Gampaloup,128106453,45.3352682,4.8333942
GANGES,Poste électrique de Ganges,121087628,43.9458667,3.7242428
GARCHIZY,Poste électrique de Garchizy,142456160,47.0311938,3.0848205
GATINAIS,Poste électrique du Gâtinais,86297273,48.0892215,2.3847908
GAUGLIN,Poste électrique de Gauglin,41829825,47.5066093,2.8704964
GAVRELLE,Poste électrique de Gavrelle,117893799,50.3372696,2.8852248
GINESTOUS,Poste électrique de Ginestous,110876167,43.6578105,1.4115917
GIVORS,Givors,80587140,45.2778637,5.6476624
GODIN,Poste électrique de Godin,147174230,44.5406861,2.2275514
GOURJADE,Poste électrique de Gourjade,88689866,43.6231167,2.2529671
GRAFFENSTADEN,Poste électrique de Graffenstaden,90032133,48.5302937,7.6836409
GRAND-COURONNE,Poste électrique de Grand-Couronne,119048154,49.3504706,0.9933398
GRAND-QUEVILLY,Poste électrique du Grand-Quevilly,197263262,49.4193214,1.0222651
GRANDVAL,Poste électrique de Grandval,135855287,44.9214466,3.0723991
GRANZAY,Poste électrique de Granzay,105630888,46.2185299,-0.5186666
GREZILLAC,Poste électrique de Grézillac,142420422,44.8133395,-0.2317954
GRIMAUD,Grimaudière,129612238,45.5877041,5.0905089
GRISOLLES,Poste électrique de Grisolles,101207712,44.5783768,6.1365327
GROS-CAILLOU,Poste électrique de Gros-Caillou,82976238,50.317146,3.3387187
GROSNE,Poste électrique de Grosne,122563466,46.6296461,4.7109172
GUEBWILLER,Poste électrique de Guebwiller,146449312,47.8993039,7.2266163
GUEUGNON,Gueugnon (EGD),122923029,46.609555,4.0759428
GUPIE,Poste électrique de la Gupie,190187643,44.5505939,0.1415855
HENRI-PAUL,Poste électrique Henri-Paul,318502246,46.7471238,4.5037631
HOLQUE,Poste électrique de Holque,129581885,50.8507945,2.2116428
HOUDREVILLE,Poste électrique de Houdreville,295403868,48.5199986,6.0813219
ILE-NAPOLEON,Poste électrique de Île-Napoléon,130132975,47.7692307,7.3826471
ISSEL,Visselhövede,37194228,52.9921399,9.5819281
ISSOIRE,ROUTE D ISSOIRE,63109488,45.4646957,3.2364598
JACQUARD,Jacquard,67453144,47.9670352,0.1802991
JALIS,Poste de Jalis,604408491,43.6222012,0.587458
JONQUIERES,Poste électrique des Jonquières,114018928,43.8291589,4.583855
KEMBS,Kembs,406691575,47.654262,7.517109
LANDRES,Poste Electrique de Landres,184492595,49.3074315,5.7742519
LANNEMEZAN,Poste électrique de Lannemezan,294002018,43.1129588,0.3925135
LATENA,Poste électrique de Laténa,85273680,49.6576763,2.9379827
LAUNAY,Sous-station de Malaunay,166509939,49.5244692,1.0329813
LAVERA,Poste électrique de Lavéra Martigues,114730382,43.3833764,5.0237521
LAVEYRUNE,Laveyrune,590596961,44.6204493,3.8999054
LEGUEVIN,Poste électrique de Leguevin,115437692,43.5981765,1.2741342
LESCAR,Poste électrique de Lescar,146449674,43.3152189,-0.4346341
LESQUIVE,Poste électrique de Lesquive,49510896,43.8167755,1.2732964
LIGNAT,Poste électrique de Lignat,118727701,45.7201574,3.2656788
LIMEUX,Poste électrique de Limeux,580568888,50.0111069,1.8283986
LINGOSTIERE,Poste électrique de Lingostière,146590045,43.7187793,7.1881677
LIVIERE,Poste électrique de Livière,130459448,43.1968779,2.9816988
LOGELBACH,Poste électrique de Logelbach,118079877,48.083511,7.3066727
LONNY,Poste électrique de Lonny,82825438,49.8274761,4.5728722
LUMES,Poste électrique de Lumes,129631438,49.7481501,4.7963388
LUTTERBACH,Poste électrique de Lutterbach,126417428,47.7528381,7.257416
MALGOVERT,Poste source de Malgovert,98415440,45.6193286,6.7893391
MALINTRAT,Poste électrique de Malintrat,71125063,45.809146,3.1954908
MAMBELIN,Poste électrique de Mambelin,39389229,47.3672079,6.6634548
MANDARINS,Poste électrique des Mandarins,1271288345,50.902242,1.7840403
MARGERIDE,Margeride,136326140,44.7915122,3.2815418
MARLENHEIM,Poste électrique de Marlenheim,118086309,48.6118693,7.526388
MARMAGNE,Poste électrique de Marmagne,23286313,47.1019086,2.2603599
MARQUIS (LE),MARQUIS (LE) (ENGRAIS D AMBES),491111152,45.0052972,-0.5497532
MARSILLON,Poste électrique de Marsillon,111414142,43.3857827,-0.5953198
MASTAING,Poste électrique de Mastaing,82967739,50.2963595,3.2907762
MAUBEUGE,Poste électrique de Maubeuge,147398275,50.2639594,3.929454
MERY-SUR-SEINE,Poste électrique de Méry-sur-Seine,82599261,48.5197718,3.9183484
MEZEROLLES,Poste électrique de Mézerolles,89034196,48.9330211,1.7414515
MIONS,Poste électrique de Mions,24020441,45.6742597,4.9753804
MOIMONT,Poste électrique de Moimont,85339874,49.0910973,2.529085
MOLIERE,20 Rue Molière,65578824,45.8730618,1.2427452
MONDION,Sous-station de Mondion,434500830,46.9273282,0.4528689
MONTCROISETTE,Poste électrique de Montcroisette,169799372,50.4504712,2.8020124
MONTGROS,Poste électrique de Montgros,818615647,44.7912528,3.7199107
MONTLUCON,Poste électrique de Montluçon,70452467,46.3202264,2.6042087
MONTOIS,Poste électrique de Montois,147398276,49.2129613,6.0116106
MONTPELLIER,Poste électrique de Montpellier (Saint-Jean-de-Védas),26272450,43.5805087,3.8494255
MONTPEZAT,Poste de Montpezat,440538762,44.7027062,4.229484
MORBRAS,Poste électrique de Morbras,27266058,48.778795,2.6484339
MOUGINS,Poste électrique de Mougins,139593701,43.5842576,7.0079127
MOULAINE,Poste électrique de Moulaine,225210595,49.4831109,5.7917343
MOULINEAUX,Poste électrique de Moulineaux,658561056,48.8262775,2.2686049
MUHLBACH,Poste électrique de Muhlbach,32196554,47.9071036,7.5557913
NEMOURS,Poste électrique de Nemours,186499822,48.2350598,2.6878643
NEOULES,Poste électrique de Neoules,93189928,43.276407,6.0223277
NIORT,Poste électrique de Niort,85446794,46.3489163,-0.4335121
NOGENTEL,Poste électrique de Nogentel,146534504,49.0236376,3.4065703
ORMES,Poste électrique de Ormes,86969390,49.2361693,3.9753546
OUDON,Poste électrique de Coudon,150329778,43.1578746,5.972768
PALENTE,Poste électrique de Palente,468096792,47.2672044,6.0542348
PASSY,Poste électrique de Passy,182816228,45.9159833,6.7250501
PATIS,Pâtissière,126716792,45.8406212,4.9938186
PELISSIER,Pélissier,112925040,43.9544641,2.1379897
PERTAIN,Poste électrique de Pertain,85273676,49.795328,2.857112
PESSAC,Groupement de postes de Pessac,27558020,44.7880825,-0.666608
PLAISANCE,Plaisance,31803659,47.9258914,0.1543928
PLESSIS-GASSOT,Poste électrique de Plessis-Gassot,82741307,49.0341911,2.432578
PONTARLIER,Poste électrique de Pontarlier,39575812,46.9117648,6.3575133
PONTEAU,Poste électrique de Ponteau,214858101,43.360891,5.0231548
PONT-SEPT,Poste électrique du Pont-Sept,34398164,49.4952859,0.1804939
PORCHEVILLE,Poste électrique de Porcheville,89022080,48.971347,1.7625486
PORT-JEROME,Poste électrique de Port-Jérôme,247427865,49.4822544,0.551175
PRATCLAUX,Poste électrique de Pratclaux,125494395,44.9734536,3.6499344
PREGUILLAC,Poste électrique de Préguillac,105571340,45.6741716,-0.6062348
PRIMEVERES,Poste électrique Primevères,158232795,48.9440467,2.5137345
PRIONNET,Poste électrique du Prionnet,202753898,43.7053685,5.7724506
PUSY,Poste électrique de Pusy,120522167,47.6528765,6.1637289
PYMONT,Poste électrique de Pymont,122361853,46.6916398,5.5618632
RASSUEN,Rassuen,228049601,43.4936917,4.9671572
REALTOR,Poste électrique de Réaltor,27259817,43.4469666,5.3428575
REMISE,Poste électrique de Remise,85821243,49.2880536,1.9302607
REVIGNY,Poste électrique de Révigny sur Ornain,138382023,48.8179262,4.997607
RICHEMONT,Richemont,207292011,49.2841052,6.179208
RIVENEUVE,Riveneuve,118400622,43.1205674,1.6410471
ROGNAC,Poste électrique de Rognac,110602470,43.507312,5.2174135
ROM,Umspannwerk Rommelshausen,22604016,48.8014546,9.3112524
ROMAINVILLE,Poste électrique de Romainville,35538714,48.8945414,2.43774
ROQUEROUSSE,Poste électrique de Roquerousse,121161175,43.6735072,5.1008191
ROUGEMONTIER,Poste électrique de Rougemontier,85827397,49.3435019,0.7354034
ROUSSON,Poste électrique de Rousson,130017468,48.0946751,3.2784865
RUEYRES,Poste électrique de Rueyres,83726363,44.7793254,2.6892346
SAINNEVILLE,Poste électrique de Sainneville,34387620,49.5520598,0.2750557
SANILHAC,Poste électrique de Sanilhac,134147651,45.1431836,0.6854253
SAUSSET,Poste électrique de Sausset,188144496,48.9761215,2.5755133
SEREIN,Poste électrique de Serein,81228088,47.8865079,3.7409507
SERRE-PONCON,Poste électrique de Serre-Ponçon,111769053,44.4695701,6.2679114
SERRIERES,Poste électrique de Serrières,147580994,45.8872889,5.841812
SEUIL,Poste électrique de Seuil,82825446,49.453608,4.4341886
ST-AUBIN,Hauts de St-Aubin,949153905,47.4942663,-0.5719511
TAMAREAU,Poste électrique de Tamareau,26376870,43.6326272,3.7161874
TAVEL,Poste électrique de Tavel,110086345,44.0149575,4.6427746
TERRETTE,Umspannwerk Unterrettenbach,152303289,47.1105763,15.8443878
VERGER,Vergers d'Alexis,68885461,46.2471285,6.0787
VERTEFEUILLE,Poste électrique de Vertefeuille,131317126,50.6764437,3.0371472
VILLARODIN,Poste électrique de Villarodin,95149719,45.2127395,6.7152362
VINCEY,Poste électrique de Vincey,81758476,48.3537286,6.3261695
WARANDE,Poste électrique de Warande,85203486,50.9491216,2.1604168
Bosaca,ESt Bošáca,614130490,48.794207,17.8393636
Bystricany,Bystričany,146531966,48.6662046,18.5119306
Cierny Vah,PVE Čierny Váh,203232760,49.0089722,19.9092462
Gabcikovo,Gabčíkovo,648002755,47.8861031,17.5454093
Kosice,Elektrická stanica Košice východ,559166709,48.7409036,21.2915608
Krizovany,Križovany,51982806,48.3365939,17.6602965
Lemesany,Lemešany,100979306,48.859244,21.2548273
Levice,ESt Levice,128968280,48.233272,18.603602
Medzibrod,Medzibrod,107626084,48.7964812,19.3666489
Moldava,Moldava,320168128,48.6023696,21.045061
Sala,Salave de Bise,48183221,46.5771401,5.9463786
Siroka,Široká,639671352,49.2475694,19.3388567
Sucany,Sučany,239560640,49.0906943,18.975978
Velky Dur,ESt Veľký Ďur,220704941,48.2058933,18.4269102
Vola,Crevola Divera,105591482,46.1612016,8.3068707
Alba Iulia,Alba Iulia,262942355,46.0891575,23.5709161
Arad,Le Paradis,64514907,45.4505237,-0.4506765
Arefu,Arefu,210831971,45.3270535,24.6368661
Baru Mare,Baru Mare,1066153075,45.4800948,23.1422063
Bradu,Bradu,205384220,44.7626518,24.8955471
Calea Aradului,Calea Aradului,208872164,45.8196698,21.1755049
Campia Turzii,Câmpia Turzii,208263479,46.5340854,23.873213
Cetate,Cetate,108198802,44.1134686,23.058911
Cluj Floresti,Cluj Florești,198283094,46.7397196,23.4601538
Craiova Nord,Craiova Nord,198777681,44.366168,23.8369111
FAI,Poste électrique de Faidherbe,63638167,48.8526138,2.3824125
Fantanele,Fântânele,208452701,46.4204511,24.7719694
Gadalin,Gadalin Substation,196557387,46.8170133,23.8566719
Gradiste,Grădiște,807600590,44.4162201,24.3645145
Hasdat,Hășdat,71212865,45.7351827,22.9162534
Iaz,Piazzola,161300111,45.5344799,11.7761875
Iernut,Iernut,234876695,46.4661751,24.1830372
Lotru,Lotru,206558254,45.3870287,23.9438789
Mintia,Mintia,97402111,45.9166039,22.8316323
Nadab,Nădab,195155625,46.4655737,21.5261151
Oradea Sud,Oradea Sud,191363648,47.0216203,21.947798
Paroseni,Paroșeni,823793123,45.3641839,23.2625817
Pestis,Peștiș,98111242,45.7947234,22.9181896
Portile de Fier,Portile de Fier,228718321,44.6722329,22.5388405
Raureni,Râureni,208294496,45.0634834,24.3394795
Resita,Reșița,208263464,45.345359,21.9214861
Retezat,Retezat,198901559,45.4780169,22.8336049
Rosiori,Roșiori,182655738,47.7088329,23.2202438
Sacalaz,Stația Electrică Săcălaz,208872170,45.7603393,21.158791
Sardanesti,Sărdănești,199657993,44.7697122,23.3531593
Sibiu Sud,Sibiu Sud,101414849,45.7713651,24.1471137
Slatina,TS Slatina,149812653,45.7162931,17.7175111
Stuparei,Stupărei,208294493,45.0120499,24.274472
Tantareni,Ţânţăreni,199657990,44.6132516,23.4903471
Tihau,Tihău,172029146,47.2363725,23.3275295
Turnu Magurele,Turnu Măgurele,182886368,43.7576435,24.8997902
Ungheni,Ungheni,97334781,46.4952631,24.4796476
Urechesti,Urechești,199657972,44.9713467,23.256972
Bergum,220 kV Bergum,87448656,53.2120965,6.0278894
Beverwijk,380 kV Beverwijk,308181656,52.4729149,4.6791142
Bleiswijk,380 kV Bleiswijk,72888152,52.0362238,4.5303838
Borssele,150 kV Borssele,87787238,51.43503,3.7284065
Boxmeer,380 kV Boxmeer,157902099,51.6385377,5.9130218
Breukelen Kortrijk,380 kV Breukelen Kortrijk,480742730,52.1605158,4.9875841
Crayestein,380 kV Crayestein,23135563,51.8137564,4.7479703
Diemen,150 kV Diemen,22976749,52.3378663,5.016006
Dodewaard,150 kV Dodewaard,25465725,51.9292874,5.6721808
Eemshaven Oudeschip,380 kV Eemshaven Oudeschip,129638950,53.4359482,6.862448
Eemshaven,380 kV Eemshaven,89178675,53.4247536,6.8740017
Eindhoven,150 kV Eindhoven Zuid,87208003,51.4094819,5.4661212
Ens,Poste électrique de Saint-Orens,16287586,43.5526134,1.5115066
Hessenweg,220 kV Hessenweg,87354307,52.5310293,6.1881998
Hollandse Kust Zuid Landstation,380 kV Hollandse Kust Zuid Landstation,693745438,51.9837079,4.0268692
Krimpen,150 kV Krimpen a/d IJssel,165242801,51.9124393,4.6286127
Lelystad,150 kV Lelystad,87207981,52.5747959,5.5348456
Louwsmeer,110 kV Louwsmeer,87448633,53.190209,5.8751428
Maasbracht,150 kV Maasbracht,162176185,51.1471387,5.9222493
Maasvlakte,380 kV Maasvlakte,23135714,51.9560093,4.0225768
Oostpolder,110 kV Noordoostpolder Voorsterweg,80233205,52.6819581,5.9350496
Oostzaan,380 kV Oostzaan,22984334,52.429035,4.8761759
Oudehaske,220 kV Oudehaske,87358157,52.9732946,5.8713685
Rilland,150 kV Rilland,23136337,51.4256398,4.2267389
Robbenplaat,220 kV Robbenplaat,168039816,53.424391,6.8730173
Vierverlaten,220 kV Vierverlaten,87342754,53.2113848,6.475218
Vijfhuizen,150 kV Vijfhuizen,146910463,52.3742697,4.6973817
Wateringen,150 kV Wateringen,72888154,52.0165494,4.3071788
Weiwerd,110 kV Delfzijl Weiwerd,168037481,53.3077017,6.9584403
Westerlee,380 kV Westerlee,96382845,51.9824319,4.2240018
Wijk aan Zee,380 kV Wijk aan Zee,1246030551,52.4864987,4.6214084
Zwolle,380 kV Zwolle,87354306,52.5298868,6.1900232
Alfstedt,Alfstedt,31927411,53.566531,9.0684989
Elsfleth/W,Schaltanlage Elsfleth/West,829116805,53.2368448,8.402906
Farge,Farge,24715748,53.2026616,8.518855
Grohnde,Grohnde,24413992,52.0266583,9.3901609
Algermissen,Algermissen,23899043,52.2781627,9.9171741
Altheim,Umspannwerk Altheim,77694901,48.585733,12.2208354
Aschaffenburg,Umrichterwerk Aschaffenburg,44158873,49.9857345,9.0929381
Audorf,Audorf,33148774,54.2920425,9.7270772
Kiel/S,Kiel-Süd,27124619,54.2755441,10.1564171
Handewitt,Umspannwerk Handewitt,449010725,54.7282618,9.3157873
Schuby/W,Schuby/West,907539360,54.5219991,9.4342782
Bechterdissen,Bechterdissen 220 kV,24264701,52.0003456,8.6596117
Elsen,Station Gelsenkirchen,25038466,51.5190718,7.0754048
Grafenrheinfeld,Grafenrheinfeld,108797675,49.9812295,10.187931
Borken,Station Borken,29472308,51.8393976,6.8797669
Bergshausen,Umspannwerk Bergshausen 380kV,156960655,51.2589664,9.5138577
Itzehoe/W,Itzehoe/West,60032354,53.967675,9.4489736
Conneforde,Conneforde/Ost,1128250704,53.3318034,8.054024
Conneforde/O,Conneforde/Ost,1128250704,53.3318034,8.054024
Diele,Diele,177829920,53.1259493,7.3115315
Dipperz,Dipperz,148446247,50.5288076,9.7740004
Stade/W,Umspannwerk Stade-West,881636329,53.6325483,9.4897208
Unterweser,Unterweser,32076853,53.4285522,8.4747054
Eltmann,Eltmann,24758329,49.9800567,10.6645026
Emden/Borssum,Emden-Borssum,34835258,53.349965,7.2242888
Godenau,Godenau,30109913,52.0008345,9.7973087
Erzhausen,Erzhausen,699048438,51.8975694,9.9238451
Etzenricht,Umspannwerk Etzenricht,29084374,49.631035,12.1144211
Schwandorf,Schwandorf,28956649,49.2977303,12.0821833
Fedderwarden,Konverter Station Fedderwarden,31024391,53.5582363,8.0716837
Karben,Umspannwerk Karben,24042358,50.2035044,8.8101902
Niedervieland,Niedervieland,44717036,53.0924878,8.6949389
Mecklar,Umspannwerk Mecklar 380kV,29309786,50.9175581,9.7460332
Jardelund,Jardelund,301158539,54.8510809,9.1975842
Ingolstadt,Ingolstadt,24768051,48.7612393,11.5077731
Sittling,Umspannwerk Sittling,24759324,48.8380861,11.7923976
Irsching,Umspannwerk Irsching,137602559,48.764618,11.5812194
Zolling,Zolling,133342285,48.4553863,11.8075757
Wahle,Wahle 380 kV,24262656,52.2846137,10.3653202
Landesbergen,Landesbergen,27739871,52.5382675,9.125267
Ohlensehlen,Ohlensehlen,267947573,52.564215,8.8941194
Mehrum,Umspannwerk Mehrum,274621059,52.3151261,10.0876504
Ludersheim,Umspannwerk Ludersheim,133349218,49.3935015,11.3271097
Inhausen,Inhausen,29420322,53.6202599,8.0600485
Voslapp,Voslapp,26455019,53.6058779,8.0856419
Marienberg,UW Marienberg,75865676,47.913243,12.1299819
Redwitz,Umspannwerk Redwitz,24757392,50.1620758,11.1932457
Mehrum/N,Mehrum-Nord,1011084707,52.318456,10.0931267
Oberbachern,Umspannwerk Oberbachern,18629425,48.2914378,11.3707944
Neufinsing,Umspannwerk Neufinsing,24158385,48.2213148,11.8130166
Oberbrunn,Umspannwerk Oberbrunn,24237879,48.0520329,11.29395
Ottenhofen,Umspannwerk Ottenhofen,26245195,48.2067924,11.8681843
Oberhaid,Umspannwerk Oberhaid,24757833,49.9280171,10.836228
Raitersaich,Umspannwerk Raitersaich,24705761,49.3784785,10.8432546
Siems,Umspannwerk Siems,1102237380,53.9096121,10.7608729
Sottrum,Sottrum,113047581,53.1137316,9.2495966
Heide/W,Umspannwerk Heide-West,603661085,54.1622529,9.0512638
Lage,Umspannanlage Brauweiler,23084554,50.966176,6.8040538
Klein Ilsede,Klein Ilsede,24272339,52.2934985,10.2359622
Stadorf,Stadorf,28343115,52.9953935,10.3852111
Frankfurt/N,Frankfurt/Nordwest,616337073,50.1939082,8.6604841
Hardegsen,Hardegsen,43072656,51.6492294,9.85066
Hattorf,Umspannwerk Hattorf,24258096,52.3674921,10.7612236
Helmstedt,Umspannwerk Helmstedt,26474759,52.2001435,10.999352
Kriegenbrunn,Umspannwerk Kriegenbrunn,28613721,49.5585642,10.9728463
Lamspringe,Lamspringe,810315511,51.9542739,9.9878741
Pirach,Umspannwerk Pirach,91080806,48.1485314,12.7479214
Plattling,Umspannwerk Plattling,78441545,48.7650817,12.8533262
Pleinting,Umspannwerk Pleinting,24976300,48.6668064,13.1031456
Rhede,Rhede,32042992,53.0266717,7.2546569
Sandershausen/O,Sandershausen/Ost,456386244,51.3313783,9.5852749
Silz,Umspannwerk Silz,95812231,47.2695305,10.9662584
Simbach,Umspannwerk Simbach,91086220,48.2620466,13.0028153
Waldeck,Waldeck,41072584,51.1675223,9.0506579
Jochenstein,Umspannwerk Jochenstein,50729129,48.5192965,13.7107465
Kainachtal,Umspannwerk Kainachtal/Zwaring,83740194,46.9036309,15.4230708
Karlsruhe,Umspannwerk Karlsruhe Ost,32725958,49.0074381,8.4516208
Kledering,Umrichterwerk Kledering,25539194,48.1391421,16.4329859
Kronstorf,Schaltwerk Kronstorf,235546807,48.1163904,14.4693298
Kupferzell,Umspannwerk Kupferzell,143854536,49.2326602,9.6947415
Lienz,UST Lienz Alleestraße,148495765,46.8299772,12.7585271
Marbach,Umspannwerk Marbach,97825259,48.9268706,9.2360827
Mayrhofen,Schaltanlage Mayrhofen,28596524,47.1625541,11.8507323
Metzingen,Umspannwerk Metzingen,30734324,48.5498005,9.274427
Heidelberg,Heidelberger Straße,150520304,49.3724458,8.7710989
Neurott,Neurott,207248812,49.3567063,8.6231924
Neusiedl,Umspannwerk Neusiedl,82201785,47.9604113,16.837982
Oberjettingen,Umspannwerk Oberjettingen,26814283,48.5837056,8.785313
Obersielach,Umspannwerk Obersielach,83831570,46.6685514,14.681692
Oststeiermark,Umspannwerk Oststeiermark/Wünschendorf,83742801,47.0909039,15.7257874
Rosegg,Kraftwerk Rosegg,86119428,46.5683182,14.0279728
Salzach,Umspannwerk Salzach Stich,33041399,47.8310518,13.0296454
Sarasdorf,Umspannwerk Sarasdorf,107248400,48.0318168,16.6959469
Schwarzenbach,Schwarzenbach Seeuferstr,28342298,48.6626195,8.3102486
St. Peter,Umspannwerk St. Peter,81540198,48.2563255,13.0819957
Tauern,Umspannwerk Tauern,38868243,47.2777201,12.7398102
Ternitz,Umspannwerk Ternitz,83202471,47.7070882,16.0649892
Wallsee,Umspannwerk Wallsee,95837658,48.1641688,14.6952629
Westtirol,APG Umspannwerk Westtirol,727225348,47.2439938,10.8739154
Leupolz,Umspannanlage Leupolz,57727004,47.7386397,10.3624707
Oberottmarshausen,Umspannwerk Oberottmarshausen,30613895,48.2380488,10.840467
Westerkappeln,Station Westerkappeln,114319248,52.2777476,7.8901966
Arpe,Station Arpe,42799487,51.1779156,8.2119755
Meitingen,Station Meitingen,24652261,48.5395094,10.8675348
Lechhausen,Umspannwerk Lechhausen,53378027,48.4012798,10.9366471
St. Barbara,Schaltanlage St. Barbara,89352550,49.3576545,7.2403989
Bandstahl,Umspannwerk Bandstahl,154869247,50.4365408,7.4334941
Benteler,Umspannwerk Benteler,38228538,51.7428234,8.7252024
Meckenheim,Meckenheim,42423415,50.6177344,7.0129017
Maximiliansau,Umspannwerk Maximiliansau,276249131,49.0291863,8.2728935
Altenkleusheim,Umspannwerk Altenkleusheim,132814303,51.01074,7.9378578
Bixterheide,Umspannwerk Bixterheide,51940126,51.4093633,7.7243234
Opladen,Station Opladen,22761839,51.0699009,6.9659141
Garenfeld,Garenfeld,24667346,51.4015378,7.5058608
Mittelbexbach,Mittelbexbach,152018146,49.3694937,7.2357783
Herbertingen,Umspannwerk Herbertingen,25306752,48.0645109,9.4249693
Tiengen,Umspannwerk Tiengen,31367940,47.6342495,8.2595026
Bochum,Station Bochum,68549340,51.4720283,7.1792583
Brauweiler,Umspannanlage Brauweiler,23084554,50.966176,6.8040538
Karnap,Station Karnap,59925390,51.5141771,6.9960712
Rosenblumendelle,Station Rosenblumendelle,26291794,51.4444457,6.9479131
Gersteinwerk,Station Gersteinwerk,42507488,51.6763673,7.7089203
Ruhrzink,Ruhrzink,787840119,51.6212451,7.3242238
Elmenhorst,Station Elmenhorst,24415232,51.6184678,7.4449555
Datteln,Station Datteln,23076726,51.6535004,7.3534562
Dauersberg,Station Dauersberg,152403632,50.7683758,7.8634118
Hamborn,Hamborn 3&4,35833445,51.4903498,6.727645
Hoheneck,Transnet BW Umspannwerk Hoheneck,25786404,48.9131899,9.1969274
Eiberg,Schaltwerk Freiberg,48432226,48.8407117,9.2073879
Diefflen,Diefflen,82310607,49.3648523,6.7555161
Eller,Station Eller,23140544,51.2054109,6.846974
Ensdorf,Unterwerk Regensdorf,31308888,47.4528401,8.4518061
Uchtelfangen,Umspannwerk Uchtelfangen,54359256,49.3757454,6.9962061
Bauler,SA Bauler,89176939,49.9586343,6.2111151
Bischofsheim,Umspannstation Bischofsheim,24685992,49.982337,8.3892131
Edelstahl,Station Edelstahl Krefeld,93278553,51.2995098,6.5425229
Bayer,Station Bayerwerk Dormagen,92249619,51.0836831,6.8335824
Gohrpunkt,Station Gohrpunkt,27919734,51.0909319,6.7097468
Osterath,Station Osterath,24799890,51.2606037,6.625973
Rommerskirchen,Umspannwerk Rommerskirchen,24839976,51.0087352,6.7025812
Geithe,Geithe,112695048,51.6729412,7.9307513
Lippborg,Station Lippborg,42488855,51.6735182,7.9814757
Uentrop,Umspannungsanlage Uentrop,42488850,51.6836933,7.9928766
Gellep,Station Gellep,1040551074,51.3248366,6.6747606
Niederstedem,Station Niederstedem,151967290,49.9225682,6.4750458
Gelsenberg,Station Gelsenberg,25051880,51.5407148,7.0369848
Bollenacker,Station Bollenacker,32148946,50.8337789,6.9633219
Sechtem,Station Sechtem,22766160,50.7956748,6.9726655
Kusenhorst,Umspannwerk Kusenhorst,29077623,51.6967005,7.0608279
Gremberghoven,Umspannwerk Gremberghoven,29374518,50.9043464,7.0455643
Siegburg,Station Siegburg,22767509,50.7989776,7.192462
Stockem,Station Stockem,22796434,50.826801,7.0958304
Pfungstadt,Umspannanlage Pfungstadt,147521567,49.8155883,8.5885633
Gronau,Station Gronau,29471404,52.2042328,7.0346526
Gundelfingen,Schaltanlage Gundelfingen,88945213,48.5184999,10.3918502
Enniger,Station Enniger,42560068,51.8230907,7.9938515
Kruckel,Station Kruckel,22964137,51.4569482,7.4172187
Kriftel,Umspannwerk Kriftel,38661452,50.0973425,8.4718525
Hattingen,Station Hattingen,63114179,51.3893181,7.1683638
Lambsheim,Umspannanlage Lambsheim,175379477,49.525428,8.2917447
Otterbach,Otterbach,152107815,49.4826808,7.7290339
Dettingen,Umspannwerk Dettingen,42372159,50.0602301,8.9894807
Oberzier,Station Oberzier,26593929,50.8715076,6.4578393
Koblenz,Unterwerk Koblenz,89766747,50.3867282,7.5645114
Linde,Nebringen Lindenäckerstraße,30338362,48.5648205,8.8504569
Halfeshof,Station Halfeshof,33816726,51.1715065,7.1229927
Nordlicht,Station Nordlicht,24280460,51.5653421,6.9067198
Niederrhein,Station Niederrhein,24462426,51.6466761,6.6811483
Spellen,Spellen,24462317,51.6187314,6.6143159
Utfort,Station Utfort,23380800,51.4754166,6.6168841
Rath,Unterwerk Wickrath,23692543,51.1211297,6.3959845
Selbeck,Station Selbeck,25043127,51.3745227,6.8681042
Lippe,SCI Le Philippe,90645009,46.1941119,6.2323378
Kottigerhook,Kottigerhook,42874315,52.1773811,7.0100003
Norf,Station Norf,31762305,51.1471157,6.7725072
Wehrendorf,Wehrendorf,33411203,52.3457786,8.3079583
Mettmann,Station Mettmann,87767090,51.2500536,6.9971719
Ohligs,Station Ohligs,106096507,51.1740783,7.008542
Quint,La Quintaine,71087267,45.8419832,1.3100405
BASF,BASF,152924508,49.5284724,8.4082755
Mutterstadt,Ust Mutterstadt,96251193,49.4387643,8.3542611
Homburg,Homburg,156402422,49.3047681,7.3194091
Paffendorf,Station Paffendorf,26927264,50.9524564,6.5959814
Laer,Station Laer,66038431,51.4721307,7.2791875
Ratsbusch,Station Ratsbusch,24858617,51.5351653,7.5000905
Emscherbruch,Emscherbruch,1076001174,51.554917,7.1718769
Roxel,Station Roxel,25506770,51.9703775,7.5457473
Nehden,Station Nehden,42797575,51.4279274,8.6246579
Rommersheim,Umspannwerk Rommersheim,1024536785,50.2113602,6.4600073
FWH-S,Farbwerke Höchst Süd (FWH-S),23641079,50.078096,8.5372194
Bacharach,Bacharach,373967500,50.0262129,7.6927012
Waldlaubersheim,Umspannwerk Waldlaubersheim,198448981,49.9220861,7.8160115
Rheinhausen,Station Rheinhausen,92024105,51.3915273,6.7203026
Kelsterbach,Station Kelsterbach,169244940,50.047799,8.5315006
Osburg,Station Osburg,42097854,49.7247507,6.8137099
Uerdingen,Uerdingen,24479984,51.3795539,6.6568508
Knapsack,Station Knapsack,22765517,50.8635039,6.8425842
Schwelgern,Umspannwerk Schwelgern,35833592,51.4986629,6.7454159
Walsum,Station Walsum,24478889,51.5268057,6.71538
Welper,Station Welper,156973363,51.4115744,7.1959786
Ossenberg,Station Ossenberg,24462228,51.5564394,6.5773278
Limburg,Station Limburg,50898216,50.4061906,8.0658971
Mengede,Station Mengede,32472806,51.5757963,7.3530188
Brunsbüttel,Umspannwerk Kernkraftwerk Brunsbüttel,30622610,53.8956326,9.2015449
Beznau,Unterwerk Beznau,98648381,47.5561687,8.2319816
Laufenburg,Laufenburg,50319857,47.5510365,8.0488911
Doetinchem,380 kV Doetinchem,723528920,51.9817254,6.2517589
Werben,Umspannwerk Werben - Dornbirn,83529203,47.4326458,9.7165734
Weingarten,Weingarten,259561755,49.257065,8.3083368
Urberach,Umspannwerk Urberach,23284340,49.9745089,8.7721937
Meppen,Meppen,206289192,52.7534095,7.2783548
Meiningen,Umspannwerk Meiningen,61108302,47.3123674,9.5919204
Nauders,Umspannwerk Nauders,1047447425,46.8588305,10.5066291
St.Peter,St.-Peter-und-Paul-Str.,311076260,49.4861464,8.5315079
Walgauwerk,Umspannwerk Walgauwerk,852324809,47.1989119,9.6700549
Zaya,Umspannwerk Neusiedl an der Zaya,96616299,48.6057763,16.8000937
Zurndorf,Umspannwerk Zurndorf,171066516,47.9377161,16.9945648
Detmarovice,Rozvodna Dětmarovice,175071712,49.8996334,18.4745954
Sokolnice,Sokolnice,27849030,49.1122091,16.6994817
FLEBOUR ,Flebour,63089603,49.9051641,6.1142819
Krsko,RTP Krško,105894370,45.9407469,15.5147565
BELVAL,Belval,148685769,49.5101733,5.9494538
MONCEAU,150kV Monceau,102678997,50.3969801,4.3751372
ZANDVLIET,Zandvliet,23136343,51.3697696,4.2482662
Ernestinovo,TS Ernestinovo,89823918,45.4731873,18.6633227
Gradacac,Gradačac,692824732,44.9050489,18.4359215
Mostar,TS Mostar,89827347,43.3029774,17.7697931
Pecs,Pécs  alállomás,33846555,46.0781214,18.3064257
Prijedor,TS Prijedor,79818891,44.9410489,16.718771
Tuzla,TS Tuzla 4,184631102,44.481177,18.6065379
Ugljevik,TS Ugljevik,222962996,44.6864727,18.9657995
Sajoivanka,Sajóivánka alállomás,167896114,48.2617402,20.5909916
Sandorfalva,Sándorfalva alállomás,100962927,46.3061099,20.1283804
Szombathely,Szombathely alállomás,166155511,47.2313127,16.6794049
Tiszalok,Tiszalök alállomás,251018026,48.0232604,21.3034877
KROSNO,"Stacja elektroenergetyczna ""Krosno Iskrzynia"" 400/110 kV",166838338,49.6882346,21.852609
ZAMOSC,"Stacja elektroenergetyczna 110kV ""Zamość Janowice""",146183607,50.7314681,23.2360423
CAMPOROSSO,Camporosso,103653567,43.8279945,7.6298917
EICHSTETTEN,220-kV-Umspannwerk Eichstetten,87653464,48.0963868,7.7519886
ENSDORF,Unterwerk Regensdorf,31308888,47.4528401,8.4518061
VICH,Vichtenstein,418104711,48.5318756,13.6468996
RONDISSONE,Rondissone,74869121,45.2328154,7.9358438
VENAUS,Venaus G1 G2,491424937,45.1621025,7.0086785
Liskovec ,Lískovec,28624004,49.7051523,18.315958
Meeden,220 kV Meeden,87342758,53.1240949,6.9462692
Dillenburg,Dillenburg 110kV,24536328,50.7599558,8.2851562
Ganderkesee,Ganderkesee,24493551,53.0317526,8.5653317
Dollern,Umspannwerk Dollern,24502420,53.5426705,9.5018982
Twistetal,Umspannwerk Twistetal,41232144,51.3428947,8.9927693
Asphard,Asphard,397960460,47.5391134,7.7525435
Gurtweil,Umspannwerk Gurtweil,31367937,47.6397989,8.2520121
Malchow,Umspannwerk Malchow,20562114,52.5897748,13.4938727
Mitte,Mittelnkirchen,23485187,53.5389732,9.6346921
Eisenhüttenstadt,Eisenhüttenstadt,52983550,52.1747958,14.604034
Weida,Umspannwerk Weidach,114514790,48.3687977,13.3310325
Wolkramshausen,Schaltwerk Wolkramshausen Süd,35141237,51.4389073,10.7364133
Wendlingen,Umspannwerk Wendlingen,26260052,48.6669743,9.4006648
Stockach,Stockach 220kV,31367936,47.8446341,9.0127632
Ybbsfeld,Umspannwerk Ybbsfeld,30076588,48.146697,15.0478209
Weier,Unterwerk Appenweier,48046379,48.5436389,7.9731025
Laichingen,Umspannwerk Laichingen,26404600,48.4649215,9.7043902
Obermooweiler,Obermooweiler,31131320,47.6528124,9.8013312
KarlsruheWest,Karlsruhe-West,32731290,49.0130815,8.349138
Oberwald,Umspannwerk Oberwald,32725957,48.9860836,8.4454459
Philippsburg,Philippsburg,48057110,49.2502698,8.4409751
RDK7,RDK7,272646943,49.0115453,8.3044621
RDK8,RDK8,809941086,49.0125819,8.3062402
Rotensohl,Umspannwerk Rotensohl,38325076,48.7367235,10.222435
Trossingen,Umspannwerk Trossingen,35954395,48.0659877,8.6166265
Klaus,Umspannwerk Weiler - Klaus,100478972,47.3040024,9.6220285
Sattledt,Umspannwerk Sattledt,50650855,48.0832552,14.0521115
Weissenbach,Schneegattern Weissenbach,1335775279,48.0345141,13.2904316
Villach Süd,Villach Süd,603139216,46.5539607,13.8278922
Heilbronn,Station Heilbronner Straße Abstatt,31323305,49.06757,9.2951867
Pulverdingen,Umspannwerk Pulverdingen,43688805,48.9029289,9.0457694
Zeltweg,Umspannwerk Zeltweg,88684218,47.1809776,14.7261996
Babylon,Babylon,28479110,50.6355873,14.455837
Mirovka,Mírovka,28382372,49.5806613,15.5990919
Vernerov,Vernéřov,28469267,50.3990244,13.2353124
BERCHEM ,Berchem,95233545,49.5508659,6.1390821
FLEBOUR,Flebour,63089603,49.9051641,6.1142819
OXYLUX ,Poste Oxylux,362773746,49.4969262,5.9521883
Sostanj,Šoštanj,1063258951,46.3720182,15.0521315
VERBRANDE BRUG,380 kV Station Verbrande Brug,23208935,50.9432341,4.4203982
RODENHUIZE,Rodenhuize,87763325,51.1311317,3.7753806
VILLEROUX,Villeroux,92007188,49.9755622,5.6625703
IZEGEM,Izegem,93056461,50.8982277,3.2266477
GOUY,Gouy,87761208,50.4826166,4.332121
MAERLANT,Van Maerlant,495688586,51.2272533,3.3155298
SERAING,Seraing,204940265,50.614785,5.5216882
HOUFFALIZE,Mont-lez-Houffalize,114082368,50.1500374,5.7954298
LATOUR,Latour,161224164,49.5486968,5.5852125
MARCOURT,Marcourt,92015823,50.2099306,5.5500928
TERGNEE,380kV Tergnée,98410713,50.4369471,4.5680846
Bilice,TS Bilice,162022271,43.7561695,15.9031812
Velebit,TS Velebit,163860997,44.20744,15.7545697
Plomin,TS Plomin,210745193,45.1376783,14.16661
Szigetcsep,Szigetcsép alállomás,503615215,47.2756725,18.9432494
Oroszlany,Oroszlány alállomás,244038276,47.5022338,18.2681079
Toponar,Toponár alállomás,113570302,46.414582,17.836249
Perkata,Perkáta alállomás,325372656,47.0527113,18.7539473
Szeged,Szeged OVIT alállomás,111678830,46.2750033,20.1387996
STALOWA WOLA,"Stacja elektroenergetyczna 110kV ""Stalowa Wola Posanie""",237105378,50.5869331,22.0667806
KOMOROWICE,"Stacja elektroenergetyczna 220/110/15kV ""Komorowice""",98634956,49.862329,19.0533425
POLICE,"Stacja elektroenergetyczna ""Police"" 220/110kV",165763717,53.5643439,14.5219635
LESNIOW,"Stacja elektroenergetyczna ""Leśniów"" 220/110 kV",158232924,51.9883633,15.2930359
ZABKOWICE,Stacja elektroenergetyczna „Ząbkowice” 220/110/20 kV,179279860,50.5941093,16.7898381
ROZKI,Stacja elektroenergetyczna 220/110/30/15kV „Rożki”,189851841,51.3380866,21.0464846
RADKOWICE,"Stacja elektroenergetyczna ""Radkowice"" 220/110/15kV",199098055,50.7877623,20.5221238
NAREW,Stacja elektroenergetyczna „Narew” 400/110 kV,293489663,53.0269437,23.0461771
WANDA,Stacja elektroenergetyczna 220/110 kV „Wanda”,115801644,50.0613065,20.0791801
OLSZTYN,Stacja 110/15kV Olsztyn Południe,101914720,53.7629959,20.4856691
KROSNO ISKRZYNIA,"Stacja elektroenergetyczna ""Krosno Iskrzynia"" 400/110 kV",166838338,49.6882346,21.852609
OSTROW,Stacja elektroenergetyczna 110kV Ostrów,60142956,54.3746551,18.6505475
GRANDE-ILE,Poste électrique de Grande-Île,84182609,45.4706629,6.0282044
LONGEFAN,Poste électrique de Longefan,47633664,45.2841655,6.3581209
ETIVAL,Poste électrique d'Étival-Clairefontaine,121071312,48.3788306,6.8717619
ETUPES,Poste électrique d’Étupes,89158123,47.5073915,6.8479447
SIERENTZ,Poste électrique de Sierentz,49049745,47.64668,7.4722122
TERRIER,Poste électrique de Terrier,85047359,49.2178026,2.2591596
BEAUCHAMPS,Poste électrique de Beauchamps,148059532,50.0067184,1.524806
CHARENTON,Poste électrique de Charenton,133667044,48.8208979,2.4066458
PONT-SUR-SAMBRE,Poste électrique de Pont-sur-Sambre,147580984,50.2293739,3.8638714
TARASCON,Poste Sectionnement Tarascon,107871246,43.8060077,4.6666283
JOUX-LA-VILLE,Poste électrique de Joux-la-Ville,471603406,47.6436227,3.8824241
WEPPES,Poste électrique de Weppes,85605959,50.6443096,2.8950246
CHATEAURENARD,Poste électrique de Chateaurenard,135282004,43.86425,4.8568643
LARCAY,Poste électrique de Larçay,44883864,47.3519462,0.7675273
VERFEIL,Poste électrique de Verfeil,109817708,43.6293588,1.6722007
CROISIERE,Sous-station SNCF de La Croisière,278718504,44.2710062,4.6975759
GREPILLES,Poste électrique de Grépilles,118121876,46.0830885,4.1170471
RULHAT,Poste électrique de Rulhat,71933077,45.8135141,3.2705065
MONTVICQ,Poste électrique de Montvicq,75509664,46.3059068,2.8211159
SEMINAIRE,Poste électrique de Séminaire,137355542,46.535278,3.3617243
VOLVIC,Poste électrique de Volvic,137191333,45.8894227,3.0658869
VALENCE,Valence,66196956,48.01616,0.2250218
SETIER,Poste électrique de Setier,98945703,49.8430682,3.345949
VIGY,Poste électrique de Vigy,81641090,49.1979144,6.2767238
CUSTINE,Poste électrique de Custine,252139969,48.7654637,6.1386065
VANDIERES,Poste électrique de Vandières,147398279,48.9507043,6.0221938
TRANS,Transformační Stanice - Spolana,14191867,50.2729792,14.5129741
TERRADOU,Terradou,183818442,44.0349162,5.0452177
VALDIVIENNE,Poste électrique de Valdivienne,105690676,46.4658107,0.6489421
PUTEAUX,Puteaux,244036491,48.8771509,2.2350826
SORRUS,Poste source de Sorrus,147580996,50.4556589,1.7217369
PEYRAT-LE-CHATEAU,Poste de Peyrat-le-Château,138108387,45.8018695,1.8034308
RANVILLE,Poste électrique de Béranville,92316703,49.0333442,1.5588469
SAUCATS,Poste électrique de Saucats,111456385,44.614091,-0.6137613
NAOUTOT,Poste électrique de Naoutot,113020114,43.8597267,-0.5183979
VALESCOURT,Poste électrique de Valescourt,147580998,49.48291,2.4516
MORU,Poste électrique de Lamorue,53255835,48.9082157,2.2117818
SAUMADE,Poste électrique de Saumade,22938964,43.6228608,3.8952183
PUISEUX,Poste électrique de Puiseux,41591146,49.0545618,2.0131293
VESLE,Poste électrique de Vesle,82805188,49.2014157,4.2404465
MASQUET,Poste électrique de Masquet,135585545,44.6199636,-0.9496198
PIVOZ-CORDIER,Poste électrique de Pivoz-Cordier,84485792,45.4093348,4.7612296
PENCHARD,Poste électrique de Penchard,162540710,48.998756,2.8477659
VAUJANY,Poste électrique de Vaujany,147132694,45.1454976,6.0507143
EYBENS,Poste électrique de Eybens,40266681,45.1540228,5.7539614
MOIRANS,Poste électrique de Moirans,133637359,45.3283527,5.5533314
PARISET,Pariset,95810878,45.1801114,5.6997685
SAONE,Sous Station de Chalon-sur-Saône,127606941,46.7770217,4.8437358
VIELMOULIN,Poste électrique de Vielmoulin,179260933,47.3263846,4.686932
VILLERBON,Poste électrique de Villerbon,166073883,47.6489042,1.3289567
LOGIS-NEUF,Poste électrique de Logis-Neuf,135314787,44.6746248,4.7913454
RECY,Recycl Dechet,70182008,45.9235418,1.2907374
TABARDERIE,Poste électrique de Tabarderie,86342772,47.7470761,2.5349405
VILLECHETIVE,Poste électrique de Villechétive,98390525,48.0978217,3.4791836
CORIOLIS,Poste électrique de Coriolis,78052541,48.8357934,2.3916017
MAZURES,Poste électrique des Mazures,82949228,49.9056142,4.6260055
VILLEJUST,Poste électrique de Villejust,23287448,48.6763706,2.2302821
IZERNORE,Poste électrique d’Izernore,122755047,46.1988165,5.5500499
PLAUD,Poste électrique de Plaud,112893617,45.9121773,0.8585295
CHAMPFLEUR,Sous-station de Champfleury,83786628,43.9372736,4.7918673
GRAND-COEUR,Poste électrique de Grand-Coeur,147580968,45.5158393,6.4883535
TOURBE,Poste électrique de Tourbe,85895367,49.1083357,-0.2643894
PRESSY,Poste électrique de Pressy,147580985,46.079834,6.5607532
SENART,Poste électrique de Sénart,118339972,48.6086642,2.5848089
GUARBECQUE,Poste électrique de Guarbecque,147580973,50.6189789,2.5044511
FRONCLES,Poste électrique de Froncles,120747628,48.2945087,5.1488406
ROSIERES,Poste électrique de Rosières-prés-Troyes,107434290,48.2618749,4.0543228
TOLBIAC,Poste électrique de Tolbiac,231157312,48.8266218,2.3553195
LANEUVEVILLE,Poste électrique Laneuveville,125003945,48.6489199,6.2348492
VOID,Poste électrique de Void,147398280,48.7091489,5.613701
MONTGUYON,Poste électrique de Montguyon,142360067,45.2034106,-0.2184778
TUILIERES,Poste électrique de Tuilières,125164718,44.8444977,0.6359189
YVELINES-OUEST,Poste électrique d'Yvelines-Ouest,117350758,48.8043833,1.8288269
VERLHAGUET,Poste électrique de Verlhaguet,114359287,43.9827621,1.317515
MOUSSEAUX,Poste Électrique de Mousseaux,117421453,46.8118364,1.7264451
RABATAU,Poste électrique de Rabatau,590866686,43.2772926,5.3972891
NOVION,Poste électrique de Novion,199093574,48.9138813,2.3041704
SAINTES,Poste électrique de Saint-Estève,91351689,43.6931798,5.384556
TALAMET,Poste électrique de Talamet,138979502,44.9669139,1.948801
VOUGLANS,Poste électrique de Vouglans,95209542,46.3934143,5.6546845
RIORGES,Poste électrique de Riorges,118121877,46.0580738,4.055898
PONT-EVEQUE,Poste source de Pont-Évêque,128106452,45.5222622,4.929134
ST-VICTOR,ROUTE DE ST-VICTOR,1369589466,45.5699365,2.94574
VIRADEL,Poste électrique de Viradel,121101846,44.1378359,4.1775014
MOREAU,Poste électrique de Moreau,110602441,43.2113241,2.3902336
SCHEER,Poste électrique de Scheer,214483816,48.3566958,7.5190382
VALENCIENNES,Poste électrique de Valenciennes,756397226,50.3758866,3.53894
MACON,AVENUE DE MACON,127510533,46.2113205,5.2184495
VOGELGRUN,Poste électrique de Vogelgrun,81638061,48.0188136,7.572497
VILLEVAUDE,Poste électrique de Villevaudé,29088787,48.9043662,2.6622154
LONGUENESSE,Poste électrique de Longuenesse,147581013,50.7446276,2.2284789
OTTMARSHEIM,Poste électrique de Ottmarsheim,47660196,47.774169,7.5191561
STENAY,Poste électrique de Stenay,147398278,49.5097671,5.2002369
ROYE,150kV La Croyere,101343831,50.494029,4.191536
SEPTEMES,Poste électrique de Septèmes,27768969,43.3962914,5.3537165
SOISSONS-NOTRE-DAME,Poste électrique de Soissons-Notre-Dame,83118679,49.3559731,3.320044
MOHON,Poste électrique de Mohon,129628306,49.752879,4.736941
SARRE,Poste électrique de la Sarre,43852864,45.7711664,3.1204367
TILLEUL,Poste électrique de Tilleul,30292953,49.031107,0.9687256
VENISSIEUX,Poste électrique de Vénissieux,125721667,45.7163157,4.9062687
VENDIN,Poste électrique de Vendin,169393427,50.4685204,2.8651746
NOUROTTES,Poste électrique de Nourottes,90415251,48.9666939,2.0128559
VILLEMANDEUR,Poste électrique de Villemandeur,147394018,47.9939755,2.7162358
VINS,Poste Trevins,64880656,46.3369298,-0.3917766
SARREGUEMINES,Poste électrique de Sarreguemines,136286073,49.0958372,7.0774127
SEINE,Rue de Seine,65044675,49.432699,1.0905042
VILLIERS-LE-BEL,Poste électrique de Villiers-le-Bel,82741335,49.0108355,2.4077429
SANDOUVILLE,Poste électrique de Sandouville,34349978,49.4756208,0.2953727
TREVAS,ZA de Trevas,62457045,45.2549913,4.1642947
SANSSAC (L'EGLISE),Poste électrique de Sanssac l'église,125495792,45.0453122,3.8005015
ROLAMPONT,Poste électrique de Rolampont,120553316,47.9234335,5.28983
YAINVILLE,Poste électrique de Yainville,147581003,49.4596624,0.8224228
SAVIGNAC,Poste électrique de Savignac,135873560,45.1024591,3.0337526
VILLERAS,Poste électrique de Villeras,22873838,48.745738,2.1783138
TONNERRE,Poste électrique de Tonnerre,128381294,47.852554,4.0105131
SISTERON,Poste électrique de Sisteron,146534506,44.2126386,5.9214068
VOLVON,Poste électrique de Volvon,95986421,45.5595549,4.3214138
VERSAILLES,Versailles,32067290,48.7922326,2.1481514
VIGNOL,Vignole,100952845,44.7058224,8.8845471
VITTEL,Poste électrique de Vittel,120945065,48.1900135,5.9507882
Varin,Plaine des Varins,219003019,45.8338865,6.5735291
Senica,ESt Senica,199900178,48.6662015,17.3919238
Vojany,Vojany,783483874,48.5554815,21.9769022
Stupava,ESt Stupava,33881667,48.3053829,17.0314113
Mochovce,Mochovce,1063211569,48.2604644,18.4556408
Galceag,Gâlceag,196654364,45.6711786,23.595379
Sugag,Șugag,196654362,45.7612794,23.6355923
Timisoara,Timișoara,101258283,45.7422781,21.2814344
Pitesti Sud,Pitești Sud,210609562,44.7865489,24.9426271
Calafat,Calafat,108198777,43.9721469,22.9552014
Mariselu,Mărișelu,267616969,46.6992295,23.1810719
Isalnita,Ișalnița,198777680,44.3892139,23.7209201
Cluj Est,Cluj Est,205252518,46.7952015,23.6390048
Otelarie H,Oțelărie H,1066409951,45.7812334,22.913662
Targu Jiu Nord,Târgu Jiu Nord,278910976,45.0746144,23.3183746
Turnu Severin Est,Turnu Severin Est,208744453,44.6425321,22.6671852
Vetis,Vetiș,594973742,47.7731612,22.8111572
Salaj,Transelectrica Sălaj,173082012,47.2176075,23.0491544
Hengelo,Onderstation Hengelo,46659397,52.2614493,6.8010509
Doekegat,380 kV Doekegat,700846836,53.4511264,6.8567839
Eemshaven Oost,220 kV Eemshaven Oost,129638874,53.4300009,6.8697065
Geertruidenberg,150 kV Geertruidenberg,23094714,51.6953803,4.8414376
Delesto,66 kV Delesto,278901938,53.3179897,6.9540894
Hollandse Kust Noord Landstation,380 kV Hollandse Kust Noord Landstation,919951848,52.4871943,4.6168242
Bergrheinfeld/W,Umspannwerk Bergrheinfeld/West,499165542,49.982118,10.1508608
Kummerfeld,Kummerfeld,25306938,53.6906652,9.7760292
Eickum,Eickum,24230738,52.1052461,8.5715108
Veltheim,Veltheim,28397771,52.1934885,8.9329156
Brokdorf,Brokdorf,87722999,53.8517714,9.3440637
Lehrte,Umspannwerk und Betriebszentrum Lehrte,33042984,52.3800399,9.9180973
Mechlenreuth,Umspannwerk Mechlenreuth,93341407,50.1836562,11.8108866
Maade,Umspannwerk Maade,23744346,53.560503,8.1226063
Trennfeld,Umspannwerk Trennfeld,24765111,49.7983501,9.5940786
Hannover/W,Hannover/West,23682013,52.3603645,9.5223735
Hallendorf,Hallendorf,28227099,52.167092,10.3692374
Regensburg,Umspannwerk Regensburg,29417741,49.012574,12.150056
Blockland,Blockland,229565743,53.1073169,8.8199768
Gleidingen,Gleidingen 220 kV,30017786,52.2369697,10.4195526
Huntorf,Huntorf,42872354,53.19024,8.4089566
Wechold,Wechold,28812249,52.8527852,9.1451199
Stalldorf,Umspannwerk Stalldorf,31653753,49.5783891,9.9445673
Zell am Ziller,Umspannwerk Zell am Ziller,156973414,47.2333799,11.897857
Wiesloch,Umspannwerk Wiesloch,46584363,49.2904016,8.6739288
Salzburg,Umspannwerk Salzburg Mitte,56125659,47.8098739,13.0381919
Kuppenheim,220-kV-Umspannwerk Kuppenheim,32151621,48.8463088,8.2488906
Neckarwestheim,Schaltwerk Neckarwestheim,41334801,49.0426218,9.2022001
Niederstotzingen,Umspannwerk Niederstotzingen,31105067,48.5296517,10.2316589
Villingen,Umspannwerk Villingen,42049947,48.0436234,8.465539
Weinheim,Umspannanlage Schweinheim,48965300,49.9556671,9.1307401
Setzer Wiese,Setzer Wiese,90148336,50.9237281,8.0204847
Unna,Station Dhünnaue,22764922,51.0376156,6.9759321
Hesseln,Station Hesseln,39229429,52.0660241,8.3189685
Witten,Umspannwerk Wittenau,27328809,52.5815817,13.307256
Woringen,Umspannwerk Woringen,648561965,47.9389507,10.2141654
Siersdorf,Siersdorf,25992879,50.9123436,6.2162245
Rheinau,Amprion Station Rheinau,152973139,49.4403761,8.5469721
Saarwellingen,Station Saarwellingen,89215122,49.3601714,6.7660925
Pfalzdorf,Station Pfalzdorf,23084417,51.6947142,6.2219751
Wambel,Station Wambel,24414688,51.5322168,7.5222484
Eiserfeld,Station Eiserfeld,89043564,50.8419947,7.9852116
Redwitz ,Umspannwerk Redwitz,24757392,50.1620758,11.1932457
Krajnik,"Stacja elektroenergetyczna ""Krajnik"" 400/220 kV",39428977,53.196395,14.4757377
Flebour,Flebour,63089603,49.9051641,6.1142819
Blooren,Poste blindé d'Itzig/Blooren,471787127,49.597228,6.1795521
Heisdorf,Heisdorf,1042974725,49.6685109,6.1399073
Vigy,Poste électrique de Vigy,81641090,49.1979144,6.2767238
Lixhe,380 kV Lixhe,23141556,50.754424,5.6680201
Bürs,Umspannwerk Bürs,101997887,47.1430048,9.8104929
Großkrotzenburg,Großkrotzenburg,42410916,50.0825734,8.9588986
Frankfurt,Umspannwerk Frankfurt Nord,4826893,50.1591423,8.7352184
Niederlangen,Niederlangen,49299111,52.8701089,7.1959057
Rohrsdorf,Umspannwerk Röhrsdorf,23117075,50.8586618,12.8151186
Bujakow,"Stacja elektroenergetyczna ""Bujaków"" 220/30/15/6kV",44389929,49.8424073,19.2127403
Kopanina,"Stacja elektroenergetyczna 220/110kV ""Kopanina""",183945016,50.1305903,18.8495778
Wielopole,Stacja elektroenergetyczna 400/220/110kV „Wielopole”,139452056,50.1226494,18.5409832
Durnrohr,Umspannwerk Dürnrohr,59531071,48.3288984,15.8856141
BAULER,SA Bauler,89176939,49.9586343,6.2111151
QUINT,La Quintaine,71087267,45.8419832,1.3100405
Padriciano,Padriciano,61038773,45.6631477,13.8313812
Redipuglia,Redipuglia,41892273,45.8527049,13.4712005
SANEM,Poste Sanem WSA,33814954,49.5388868,5.951114
Sisak,TS TE Sisak,170366194,45.4524778,16.4137681
Plat,Umspannwerk Jakob-Kaiser-Platz,14037659,52.5339555,13.2926546
Wien,Umspannwerk Wien West,26209260,48.2007408,16.2368744
Rimavska Sobota,Rimavská Sobota,111687967,48.3812075,20.0447217
DETMAROVICE,Rozvodna Dětmarovice,175071712,49.8996334,18.4745954
VIERRADEN,Umspannwerk Vierraden,39428980,53.0960355,14.2706568
LEMESANY,Lemešany,100979306,48.859244,21.2548273
HAGENWERDER,Umspannwerk Hagenwerder,59026005,51.062518,14.9465212
NOSOVICE,Nošovice,28624204,49.6690344,18.4309024
Krosno,"Stacja elektroenergetyczna ""Krosno Iskrzynia"" 400/110 kV",166838338,49.6882346,21.852609
Varna,Varna FS,41644133,46.7416723,11.6386478
Niederrhein ,Station Niederrhein,24462426,51.6466761,6.6811483
Van Eyck,Van Eyck,124703985,51.1210405,5.7742234
Zandvliet,Zandvliet,23136343,51.3697696,4.2482662
Hamburg/S,Hamburg/Süd,11285720,53.4880407,9.9089299
Vill,Poste électrique de Villeras,22873838,48.745738,2.1783138
Walgau,Umspannwerk Walgauwerk,852324809,47.1989119,9.6700549
Vöhringen,Vöhringen LEW,31019937,48.2690433,10.0839179
Muhlbach,Poste électrique de Muhlbach,32196554,47.9071036,7.5557913
Vogelgrun,Poste électrique de Vogelgrun,81638061,48.0188136,7.572497
Oftringen,Unterwerk Oftringen,190819048,47.3175262,7.9466647
